[{"currency": "USD", "high": null, "latest_trade": 1546938874, "weighted_price": null, "bid": 266452.000000000000, "volume": 0, "ask": 5750.000000000000, "low": null, "duration": 89461, "close": 4170.850000000000, "avg": null, "symbol": "localbtcUSD", "currency_volume": 0}, {"currency": "EUR", "high": null, "latest_trade": 1584288390, "weighted_price": null, "bid": 4833.470000000000, "volume": 0, "ask": 4839.010000000000, "low": null, "duration": 89461, "close": 4839.010000000000, "avg": null, "symbol": "zyadoEUR", "currency_volume": 0}, {"currency": "HKD", "high": null, "latest_trade": 1373462347, "weighted_price": null, "bid": null, "volume": 0, "ask": null, "low": null, "duration": 89461, "close": 572.000000000000, "avg": null, "symbol": "btchkexHKD", "currency_volume": 0}, {"currency": "USD", "high": null, "latest_trade": 1380074510, "weighted_price": null, "bid": null, "volume": 0, "ask": null, "low": null, "duration": 89461, "close": 125.000000000000, "avg": null, "symbol": "bitboxUSD", "currency_volume": 0}, {"currency": "PLN", "high": null, "latest_trade": 1384760374, "weighted_price": null, "bid": null, "volume": 0, "ask": null, "low": null, "duration": 89461, "close": 1751.000000000000, "avg": null, "symbol": "bidxtrmPLN", "currency_volume": 0}, {"currency": "USD", "high": null, "latest_trade": 1317843215, "weighted_price": null, "bid": null, "volume": 0, "ask": null, "low": null, "duration": 89461, "close": 4.750000000000, "avg": null, "symbol": "b7USD", "currency_volume": 0}, {"currency": "BRL", "high": null, "latest_trade": 1320965054, "weighted_price": null, "bid": null, "volume": 0, "ask": null, "low": null, "duration": 89461, "close": 18.000000000000, "avg": null, "symbol": "bbmBRL", "currency_volume": 0}, {"currency": "AUD", "high": null, "latest_trade": 1353317656, "weighted_price": null, "bid": null, "volume": 0, "ask": null, "low": null, "duration": 89461, "close": 22.000000000000, "avg": null, "symbol": "cryptoxAUD", "currency_volume": 0}, {"currency": "AUD", "high": null, "latest_trade": 1318748737, "weighted_price": null, "bid": null, "volume": 0, "ask": null, "low": null, "duration": 89461, "close": 4.250000000000, "avg": null, "symbol": "ruxumAUD", "currency_volume": 0}, {"currency": "CHF", "high": null, "latest_trade": 1318992534, "weighted_price": null, "bid": null, "volume": 0, "ask": null, "low": null, "duration": 89461, "close": 3.000000000000, "avg": null, "symbol": "ruxumCHF", "currency_volume": 0}, {"currency": "EUR", "high": null, "latest_trade": 1338569911, "weighted_price": null, "bid": null, "volume": 0, "ask": null, "low": null, "duration": 89461, "close": 5.000000000000, "avg": null, "symbol": "ruxumEUR", "currency_volume": 0}, {"currency": "GBP", "high": null, "latest_trade": 1318792662, "weighted_price": null, "bid": null, "volume": 0, "ask": null, "low": null, "duration": 89461, "close": 2.500000000000, "avg": null, "symbol": "ruxumGBP", "currency_volume": 0}, {"currency": "HKD", "high": null, "latest_trade": 1318797312, "weighted_price": null, "bid": null, "volume": 0, "ask": null, "low": null, "duration": 89461, "close": 29.000000000000, "avg": null, "symbol": "ruxumHKD", "currency_volume": 0}, {"currency": "USD", "high": null, "latest_trade": 1364508415, "weighted_price": null, "bid": null, "volume": 0, "ask": null, "low": null, "duration": 89461, "close": 86.000000000000, "avg": null, "symbol": "bitmeUSD", "currency_volume": 0}, {"currency": "USD", "high": null, "latest_trade": 1353314729, "weighted_price": null, "bid": null, "volume": 0, "ask": null, "low": null, "duration": 89461, "close": 13.350000000000, "avg": null, "symbol": "cryptoxUSD", "currency_volume": 0}, {"currency": "DKK", "high": null, "latest_trade": 1546936635, "weighted_price": null, "bid": 45167.430000000000, "volume": 0, "ask": 48315.460000000000, "low": null, "duration": 89461, "close": 24483.790000000000, "avg": null, "symbol": "localbtcDKK", "currency_volume": 0}, {"volume": 0, "latest_trade": 1546934902, "weighted_price": null, "bid": 27912.540000000000, "high": null, "currency": "PLN", "low": null, "ask": 29029.040000000000, "close": 14309.430000000000, "avg": null, "symbol": "localbtcPLN", "duration": 89281, "currency_volume": 0}, {"currency": "GAU", "high": null, "latest_trade": 1313452498, "weighted_price": null, "bid": null, "volume": 0, "ask": null, "low": null, "duration": 89461, "close": 0.200000000000, "avg": null, "symbol": "bcmPXGAU", "currency_volume": 0}, {"currency": "USD", "high": null, "latest_trade": 1366236000, "weighted_price": null, "bid": null, "volume": 0, "ask": null, "low": null, "duration": 89461, "close": 100.000000000000, "avg": null, "symbol": "bitfloorUSD", "currency_volume": 0}, {"currency": "PLN", "high": null, "latest_trade": 1313056551, "weighted_price": null, "bid": null, "volume": 0, "ask": null, "low": null, "duration": 89461, "close": 29.200000000000, "avg": null, "symbol": "bitomatPLN", "currency_volume": 0}, {"currency": "GBP", "high": null, "latest_trade": 1316391901, "weighted_price": null, "bid": null, "volume": 0, "ask": null, "low": null, "duration": 89461, "close": 3.662700000000, "avg": null, "symbol": "britcoinGBP", "currency_volume": 0}, {"currency": "USD", "high": null, "latest_trade": 1365846822, "weighted_price": null, "bid": null, "volume": 0, "ask": null, "low": null, "duration": 89461, "close": 73.000000000000, "avg": null, "symbol": "btc24USD", "currency_volume": 0}, {"currency": "EUR", "high": null, "latest_trade": 1305076646, "weighted_price": null, "bid": null, "volume": 0, "ask": null, "low": null, "duration": 89461, "close": 3.900000000000, "avg": null, "symbol": "btcexEUR", "currency_volume": 0}, {"currency": "JPY", "high": null, "latest_trade": 1299369401, "weighted_price": null, "bid": null, "volume": 0, "ask": null, "low": null, "duration": 89461, "close": 1.000000000000, "avg": null, "symbol": "btcexJPY", "currency_volume": 0}, {"currency": "RUB", "high": null, "latest_trade": 1305230002, "weighted_price": null, "bid": null, "volume": 0, "ask": null, "low": null, "duration": 89461, "close": 199.000000000000, "avg": null, "symbol": "btcexRUB", "currency_volume": 0}, {"currency": "USD", "high": null, "latest_trade": 1342942225, "weighted_price": null, "bid": null, "volume": 0, "ask": null, "low": null, "duration": 89461, "close": 6.801100000000, "avg": null, "symbol": "btcexUSD", "currency_volume": 0}, {"currency": "RUB", "high": null, "latest_trade": 1306059105, "weighted_price": null, "bid": null, "volume": 0, "ask": null, "low": null, "duration": 89461, "close": 155.000000000000, "avg": null, "symbol": "btcexWMR", "currency_volume": 0}, {"currency": "USD", "high": null, "latest_trade": 1305094318, "weighted_price": null, "bid": null, "volume": 0, "ask": null, "low": null, "duration": 89461, "close": 5.100000000000, "avg": null, "symbol": "btcexWMZ", "currency_volume": 0}, {"currency": "RUB", "high": null, "latest_trade": 1305229968, "weighted_price": null, "bid": null, "volume": 0, "ask": null, "low": null, "duration": 89461, "close": 132.000100000000, "avg": null, "symbol": "btcexYAD", "currency_volume": 0}, {"currency": "ILS", "high": 24825.010000000000, "latest_trade": 1585838575, "weighted_price": 23574.145643059821158493012482, "bid": 24500.000000000000, "volume": 8.711773020000, "ask": 24703.630000000000, "low": 22500.000000000000, "duration": 89461, "close": 24740.000000000000, "avg": 23574.14564305982113386145132, "symbol": "bit2cILS", "currency_volume": 205372.605982759100}, {"volume": 0, "latest_trade": 1548440964, "weighted_price": null, "bid": 5260.250000000000, "high": null, "currency": "USD", "low": null, "ask": 5267.500000000000, "close": 3547.700000000000, "avg": null, "symbol": "itbitUSD", "duration": 89281, "currency_volume": 0}, {"currency": "SGD", "high": null, "latest_trade": 1548250597, "weighted_price": null, "bid": 5040.500000000000, "volume": 0, "ask": 27068.060000000000, "low": null, "duration": 89461, "close": 4867.000000000000, "avg": null, "symbol": "itbitSGD", "currency_volume": 0}, {"volume": 0, "latest_trade": 1548440444, "weighted_price": null, "bid": 3997.250000000000, "high": null, "currency": "EUR", "low": null, "ask": 8129.000000000000, "close": 3110.900000000000, "avg": null, "symbol": "itbitEUR", "duration": 89281, "currency_volume": 0}, {"currency": "KRW", "high": null, "latest_trade": 1584370807, "weighted_price": null, "bid": 6372500.000000000000, "volume": 0, "ask": 6420000.000000000000, "low": null, "duration": 89461, "close": 6420000.000000000000, "avg": null, "symbol": "korbitKRW", "currency_volume": 0}, {"currency": "USD", "high": 6804.990000000000, "latest_trade": 1585831730, "weighted_price": 6542.638392918954649220029817, "bid": 6742.460000000000, "volume": 1.098435580000, "ask": 6799.640000000000, "low": 6218.160000000000, "duration": 89461, "close": 6662.320000000000, "avg": 6542.638392918954792050709064, "symbol": "bitbayUSD", "currency_volume": 7186.666797856200}, {"currency": "PLN", "high": 28000.000000000000, "latest_trade": 1585839054, "weighted_price": 27188.271163077744495287432298, "bid": 27977.580000000000, "volume": 3546.372213890000, "ask": 27999.990000000000, "low": 25950.000000000000, "duration": 89461, "close": 28000.000000000000, "avg": 27188.27116307774633605860755, "symbol": "bitbayPLN", "currency_volume": 96419729.396445672500}, {"currency": "EUR", "high": 6260.000000000000, "latest_trade": 1585839046, "weighted_price": 6169.929422447477851109155602, "bid": 6209.740000000000, "volume": 83.939339860000, "ask": 6253.690000000000, "low": 5668.670000000000, "duration": 89461, "close": 6260.000000000000, "avg": 6169.929422447477179861633475, "symbol": "bitbayEUR", "currency_volume": 517899.802703032300}, {"currency": "EUR", "high": null, "latest_trade": 1444487837, "weighted_price": null, "bid": 334.582730000000, "volume": 0, "ask": 345.827940000000, "low": null, "duration": 89461, "close": 215.566020000000, "avg": null, "symbol": "anxhkEUR", "currency_volume": 0}, {"currency": "JPY", "high": null, "latest_trade": 1444487795, "weighted_price": null, "bid": 41227.181710000000, "volume": 0, "ask": 49140.392180000000, "low": null, "duration": 89461, "close": 29436.148980000000, "avg": null, "symbol": "anxhkJPY", "currency_volume": 0}, {"currency": "SGD", "high": null, "latest_trade": 1444487795, "weighted_price": null, "bid": 514.287620000000, "volume": 0, "ask": 544.962620000000, "low": null, "duration": 89461, "close": 341.729940000000, "avg": null, "symbol": "anxhkSGD", "currency_volume": 0}, {"currency": "XRP", "high": null, "latest_trade": 1415138260, "weighted_price": null, "bid": 71364.470696000000, "volume": 0, "ask": 71467.407897000000, "low": null, "duration": 89461, "close": 69707.305623780000, "avg": null, "symbol": "rippleXRP", "currency_volume": 0}, {"currency": "USD", "high": null, "latest_trade": 1415135720, "weighted_price": null, "bid": 342.870152890000, "volume": 0, "ask": 347.867404370000, "low": null, "duration": 89461, "close": 327.420571150000, "avg": null, "symbol": "rippleUSD", "currency_volume": 0}, {"currency": "USD", "high": null, "latest_trade": 1446638782, "weighted_price": null, "bid": 1200.000000000000, "volume": 0, "ask": null, "low": null, "duration": 89461, "close": 500.000000000000, "avg": null, "symbol": "ibwtUSD", "currency_volume": 0}, {"currency": "LTC", "high": null, "latest_trade": 1440962649, "weighted_price": null, "bid": 300.000000000000, "volume": 0, "ask": null, "low": null, "duration": 89461, "close": 1.000000000000, "avg": null, "symbol": "ibwtLTC", "currency_volume": 0}, {"currency": "GBP", "high": null, "latest_trade": 1452003194, "weighted_price": null, "bid": 950.000000000000, "volume": 0, "ask": null, "low": null, "duration": 89461, "close": 287.000000000000, "avg": null, "symbol": "ibwtGBP", "currency_volume": 0}, {"currency": "EUR", "high": null, "latest_trade": 1440962644, "weighted_price": null, "bid": 10000.000000000000, "volume": 0, "ask": null, "low": null, "duration": 89461, "close": 1.000000000000, "avg": null, "symbol": "ibwtEUR", "currency_volume": 0}, {"currency": "RON", "high": null, "latest_trade": 1424695323, "weighted_price": null, "bid": 1155.360000000000, "volume": 0, "ask": 1169.070000000000, "low": null, "duration": 89461, "close": 1800.000000000000, "avg": null, "symbol": "btcxchangeRON", "currency_volume": 0}, {"currency": "USD", "high": null, "latest_trade": 1428152917, "weighted_price": null, "bid": 222.800000000000, "volume": 0, "ask": 223.000000000000, "low": null, "duration": 89461, "close": 253.800000000000, "avg": null, "symbol": "1coinUSD", "currency_volume": 0}, {"currency": "IDR", "high": 111500000.000000000000, "latest_trade": 1585839059, "weighted_price": 108824573.456334746870391323090823, "bid": 111497000.000000000000, "volume": 617.434418710000, "ask": 111498000.000000000000, "low": 103050000.000000000000, "duration": 89461, "close": 111498000.000000000000, "avg": 108824573.4563347468686177610, "symbol": "btcoidIDR", "currency_volume": 67192037253.375740000000}, {"currency": "GBP", "high": 5493.000000000000, "latest_trade": 1585839051, "weighted_price": 5271.185750215248636992866318, "bid": 5476.000000000000, "volume": 250.291500000000, "ask": 5483.000000000000, "low": 5000.000000000000, "duration": 89461, "close": 5493.000000000000, "avg": 5271.185750215249019643096150, "symbol": "coinfloorGBP", "currency_volume": 1319332.988200000000}, {"currency": "EUR", "high": null, "latest_trade": 1577959303, "weighted_price": null, "bid": 5828.000000000000, "volume": 0, "ask": 6606.000000000000, "low": null, "duration": 89461, "close": 6450.000000000000, "avg": null, "symbol": "coinfloorEUR", "currency_volume": 0}, {"volume": 0, "latest_trade": 1546938015, "weighted_price": null, "bid": 100070.900000000000, "high": null, "currency": "SEK", "low": null, "ask": 69382.490000000000, "close": 39854.290000000000, "avg": null, "symbol": "localbtcSEK", "duration": 89281, "currency_volume": 0}, {"currency": "AUD", "high": null, "latest_trade": 1393292929, "weighted_price": null, "bid": 146.436290000000, "volume": 0, "ask": 154.038960000000, "low": null, "duration": 89461, "close": 144.302060000000, "avg": null, "symbol": "mtgoxAUD", "currency_volume": 0}, {"currency": "USD", "high": null, "latest_trade": 1341981899, "weighted_price": null, "bid": null, "volume": 0, "ask": null, "low": null, "duration": 89461, "close": 6.470000000000, "avg": null, "symbol": "btctreeUSD", "currency_volume": 0}, {"currency": "USD", "high": null, "latest_trade": 1329172006, "weighted_price": null, "bid": null, "volume": 0, "ask": null, "low": null, "duration": 89461, "close": 5.590000000000, "avg": null, "symbol": "thUSD", "currency_volume": 0}, {"currency": "CNY", "high": null, "latest_trade": 1393292166, "weighted_price": null, "bid": 803.102990000000, "volume": 0, "ask": 844.798430000000, "low": null, "duration": 89461, "close": 784.384370000000, "avg": null, "symbol": "mtgoxCNY", "currency_volume": 0}, {"currency": "NZD", "high": null, "latest_trade": 1393288934, "weighted_price": null, "bid": 158.777560000000, "volume": 0, "ask": 167.020960000000, "low": null, "duration": 89462, "close": 151.000000000000, "avg": null, "symbol": "mtgoxNZD", "currency_volume": 0}, {"currency": "RUB", "high": null, "latest_trade": 1546938895, "weighted_price": null, "bid": 642200.000000000000, "volume": 0, "ask": 433390.000000000000, "low": null, "duration": 89462, "close": 277265.120000000000, "avg": null, "symbol": "localbtcRUB", "currency_volume": 0}, {"currency": "USD", "high": 6807.050000000000, "latest_trade": 1585839035, "weighted_price": 6529.986605428851778907914799, "bid": 6771.580000000000, "volume": 12369.605662700000, "ask": 6780.000000000000, "low": 6137.710000000000, "duration": 89462, "close": 6779.640000000000, "avg": 6529.986605428852132489250206, "symbol": "bitstampUSD", "currency_volume": 80773359.291867879900}, {"currency": "CLP", "high": null, "latest_trade": 1329168604, "weighted_price": null, "bid": null, "volume": 0, "ask": null, "low": null, "duration": 89462, "close": 3050.000000000000, "avg": null, "symbol": "thCLP", "currency_volume": 0}, {"currency": "AUD", "high": 11250.000000000000, "latest_trade": 1585838884, "weighted_price": 10865.254666479261696933939821, "bid": 11185.970000000000, "volume": 242.461447470000, "ask": 11218.580000000000, "low": 10198.750000000000, "duration": 89462, "close": 11202.590000000000, "avg": 10865.25466647926178034707086, "symbol": "btcmarketsAUD", "currency_volume": 2634405.373564733900}, {"volume": 0, "latest_trade": 1546938189, "weighted_price": null, "bid": 622200.440000000000, "high": null, "currency": "ARS", "low": null, "ask": 573833.960000000000, "close": 152499.300000000000, "avg": null, "symbol": "localbtcARS", "duration": 89281, "currency_volume": 0}, {"volume": 0, "latest_trade": 1546934950, "weighted_price": null, "bid": 103094.620000000000, "high": null, "currency": "NOK", "low": null, "ask": 71478.940000000000, "close": 39303.350000000000, "avg": null, "symbol": "localbtcNOK", "duration": 89281, "currency_volume": 0}, {"currency": "GAU", "high": null, "latest_trade": 1312214090, "weighted_price": null, "bid": null, "volume": 0, "ask": null, "low": null, "duration": 89462, "close": 0.267000000000, "avg": null, "symbol": "bcmBMGAU", "currency_volume": 0}, {"currency": "USD", "high": null, "latest_trade": 1312592486, "weighted_price": null, "bid": null, "volume": 0, "ask": null, "low": null, "duration": 89462, "close": 15.000000000000, "avg": null, "symbol": "bcmBMUSD", "currency_volume": 0}, {"currency": "USD", "high": null, "latest_trade": 1312408747, "weighted_price": null, "bid": null, "volume": 0, "ask": null, "low": null, "duration": 89462, "close": 11.000000000000, "avg": null, "symbol": "bcmLRUSD", "currency_volume": 0}, {"currency": "USD", "high": null, "latest_trade": 1313715228, "weighted_price": null, "bid": null, "volume": 0, "ask": null, "low": null, "duration": 89462, "close": 10.000000000000, "avg": null, "symbol": "bcmMBUSD", "currency_volume": 0}, {"currency": "USD", "high": null, "latest_trade": 1327176610, "weighted_price": null, "bid": null, "volume": 0, "ask": null, "low": null, "duration": 89462, "close": 6.500000000000, "avg": null, "symbol": "b2cUSD", "currency_volume": 0}, {"currency": "EUR", "high": null, "latest_trade": 1317822453, "weighted_price": null, "bid": null, "volume": 0, "ask": null, "low": null, "duration": 89462, "close": 3.300000000000, "avg": null, "symbol": "b7EUR", "currency_volume": 0}, {"currency": "USD", "high": null, "latest_trade": 1318805936, "weighted_price": null, "bid": null, "volume": 0, "ask": null, "low": null, "duration": 89462, "close": 3.639900000000, "avg": null, "symbol": "exchbUSD", "currency_volume": 0}, {"currency": "EUR", "high": null, "latest_trade": 1382340335, "weighted_price": null, "bid": null, "volume": 0, "ask": null, "low": null, "duration": 89462, "close": 125.000000000000, "avg": null, "symbol": "fbtcEUR", "currency_volume": 0}, {"currency": "USD", "high": null, "latest_trade": 1382291616, "weighted_price": null, "bid": null, "volume": 0, "ask": null, "low": null, "duration": 89462, "close": 165.000000000000, "avg": null, "symbol": "fbtcUSD", "currency_volume": 0}, {"currency": "PLN", "high": null, "latest_trade": 1315073674, "weighted_price": null, "bid": null, "volume": 0, "ask": null, "low": null, "duration": 89462, "close": 25.000000000000, "avg": null, "symbol": "freshPLN", "currency_volume": 0}, {"currency": "EUR", "high": null, "latest_trade": 1317816883, "weighted_price": null, "bid": null, "volume": 0, "ask": null, "low": null, "duration": 89462, "close": 4.000000000000, "avg": null, "symbol": "globalEUR", "currency_volume": 0}, {"currency": "GBP", "high": null, "latest_trade": 1320274888, "weighted_price": null, "bid": null, "volume": 0, "ask": null, "low": null, "duration": 89462, "close": 2.990000000000, "avg": null, "symbol": "globalGBP", "currency_volume": 0}, {"currency": "PLN", "high": null, "latest_trade": 1325440070, "weighted_price": null, "bid": null, "volume": 0, "ask": null, "low": null, "duration": 89462, "close": 15.820000000000, "avg": null, "symbol": "globalPLN", "currency_volume": 0}, {"currency": "USD", "high": null, "latest_trade": 1318013969, "weighted_price": null, "bid": null, "volume": 0, "ask": null, "low": null, "duration": 89462, "close": 4.700000000000, "avg": null, "symbol": "globalUSD", "currency_volume": 0}, {"currency": "EUR", "high": null, "latest_trade": 1348229048, "weighted_price": null, "bid": null, "volume": 0, "ask": null, "low": null, "duration": 89462, "close": 7.711538461540, "avg": null, "symbol": "imcexEUR", "currency_volume": 0}, {"currency": "USD", "high": null, "latest_trade": 1350223254, "weighted_price": null, "bid": null, "volume": 0, "ask": null, "low": null, "duration": 89462, "close": 19.999140620000, "avg": null, "symbol": "imcexUSD", "currency_volume": 0}, {"currency": "HUF", "high": null, "latest_trade": 1319836324, "weighted_price": null, "bid": null, "volume": 0, "ask": null, "low": null, "duration": 89462, "close": 79.000000000000, "avg": null, "symbol": "ruxumHUF", "currency_volume": 0}, {"currency": "JPY", "high": null, "latest_trade": 1319028730, "weighted_price": null, "bid": null, "volume": 0, "ask": null, "low": null, "duration": 89462, "close": 210.000000000000, "avg": null, "symbol": "ruxumJPY", "currency_volume": 0}, {"currency": "PLN", "high": null, "latest_trade": 1318577499, "weighted_price": null, "bid": null, "volume": 0, "ask": null, "low": null, "duration": 89462, "close": 13.500000000000, "avg": null, "symbol": "ruxumPLN", "currency_volume": 0}, {"currency": "RUB", "high": null, "latest_trade": 1319202603, "weighted_price": null, "bid": null, "volume": 0, "ask": null, "low": null, "duration": 89462, "close": 195.000000000000, "avg": null, "symbol": "ruxumRUB", "currency_volume": 0}, {"currency": "SEK", "high": null, "latest_trade": 1319028697, "weighted_price": null, "bid": null, "volume": 0, "ask": null, "low": null, "duration": 89462, "close": 20.000000000000, "avg": null, "symbol": "ruxumSEK", "currency_volume": 0}, {"currency": "SGD", "high": null, "latest_trade": 1318789490, "weighted_price": null, "bid": null, "volume": 0, "ask": null, "low": null, "duration": 89462, "close": 5.200000000000, "avg": null, "symbol": "ruxumSGD", "currency_volume": 0}, {"currency": "THB", "high": null, "latest_trade": 1318519297, "weighted_price": null, "bid": null, "volume": 0, "ask": null, "low": null, "duration": 89462, "close": 135.000000000000, "avg": null, "symbol": "ruxumTHB", "currency_volume": 0}, {"currency": "UAH", "high": null, "latest_trade": 1318793596, "weighted_price": null, "bid": null, "volume": 0, "ask": null, "low": null, "duration": 89462, "close": 30.000000000000, "avg": null, "symbol": "ruxumUAH", "currency_volume": 0}, {"currency": "USD", "high": null, "latest_trade": 1347450254, "weighted_price": null, "bid": null, "volume": 0, "ask": null, "low": null, "duration": 89462, "close": 14.750010000000, "avg": null, "symbol": "ruxumUSD", "currency_volume": 0}, {"currency": "ZAR", "high": null, "latest_trade": 1319028662, "weighted_price": null, "bid": null, "volume": 0, "ask": null, "low": null, "duration": 89462, "close": 25.000000000000, "avg": null, "symbol": "ruxumZAR", "currency_volume": 0}, {"currency": "XRP", "high": null, "latest_trade": 1367998202, "weighted_price": null, "bid": null, "volume": 0, "ask": null, "low": null, "duration": 89462, "close": 8999.000000000000, "avg": null, "symbol": "snwcnXRP", "currency_volume": 0}, {"currency": "AUD", "high": null, "latest_trade": 1329028868, "weighted_price": null, "bid": null, "volume": 0, "ask": null, "low": null, "duration": 89462, "close": 5.899978679200, "avg": null, "symbol": "thAUD", "currency_volume": 0}, {"currency": "INR", "high": null, "latest_trade": 1327901200, "weighted_price": null, "bid": null, "volume": 0, "ask": null, "low": null, "duration": 89462, "close": 318.000000000000, "avg": null, "symbol": "thINR", "currency_volume": 0}, {"currency": "CAD", "high": null, "latest_trade": 1444487795, "weighted_price": null, "bid": 506.837880000000, "volume": 0, "ask": 536.044290000000, "low": null, "duration": 89462, "close": 317.086800000000, "avg": null, "symbol": "anxhkCAD", "currency_volume": 0}, {"currency": "GBP", "high": null, "latest_trade": 1444487795, "weighted_price": null, "bid": 254.604830000000, "volume": 0, "ask": 262.418940000000, "low": null, "duration": 89462, "close": 159.853880000000, "avg": null, "symbol": "anxhkGBP", "currency_volume": 0}, {"currency": "HKD", "high": null, "latest_trade": 1444505403, "weighted_price": null, "bid": 2857.958530000000, "volume": 0, "ask": 2919.430700000000, "low": null, "duration": 89462, "close": 1907.336580000000, "avg": null, "symbol": "anxhkHKD", "currency_volume": 0}, {"currency": "USD", "high": null, "latest_trade": 1444487795, "weighted_price": null, "bid": 369.742290000000, "volume": 0, "ask": 372.871180000000, "low": null, "duration": 89462, "close": 244.856950000000, "avg": null, "symbol": "anxhkUSD", "currency_volume": 0}, {"currency": "USD", "high": null, "latest_trade": 1329154248, "weighted_price": null, "bid": null, "volume": 0, "ask": null, "low": null, "duration": 89462, "close": 4.350275241100, "avg": null, "symbol": "thLRUSD", "currency_volume": 0}, {"currency": "GBP", "high": null, "latest_trade": 1546937995, "weighted_price": null, "bid": 7506.320000000000, "volume": 0, "ask": 4732.630000000000, "low": null, "duration": 89462, "close": 3130.280000000000, "avg": null, "symbol": "localbtcGBP", "currency_volume": 0}, {"currency": "SLL", "high": null, "latest_trade": 1578304346, "weighted_price": null, "bid": 2300000.000000000000, "volume": 0, "ask": 3000000.000000000000, "low": null, "duration": 89462, "close": 3000000.000000000000, "avg": null, "symbol": "virwoxSLL", "currency_volume": 0}, {"currency": "SEK", "high": null, "latest_trade": 1585405061, "weighted_price": null, "bid": 70000.000000000000, "volume": 0, "ask": 77040.000000000000, "low": null, "duration": 89462, "close": 70000.000000000000, "avg": null, "symbol": "fybseSEK", "currency_volume": 0}, {"currency": "USD", "high": 6804.000000000000, "latest_trade": 1585839043, "weighted_price": 6531.245962936923378205527825, "bid": 6780.300000000000, "volume": 13176.524214900000, "ask": 6780.400000000000, "low": 6157.400000000000, "duration": 89462, "close": 6783.600000000000, "avg": 6531.245962936923316411458690, "symbol": "krakenUSD", "currency_volume": 86059120.584106238000}, {"currency": "PLN", "high": null, "latest_trade": 1371620088, "weighted_price": null, "bid": null, "volume": 0, "ask": null, "low": null, "duration": 89462, "close": 335.000000000000, "avg": null, "symbol": "intrsngPLN", "currency_volume": 0}, {"currency": "BRL", "high": null, "latest_trade": 1574794285, "weighted_price": null, "bid": 30750.000040000000, "volume": 0, "ask": 30899.999990000000, "low": null, "duration": 89462, "close": 30700.000000000000, "avg": null, "symbol": "mrcdBRL", "currency_volume": 0}, {"volume": 0, "latest_trade": 1547473394, "weighted_price": null, "bid": 4500.000000000000, "high": null, "currency": "SGD", "low": null, "ask": 14500.000000000000, "close": 4700.000000000000, "avg": null, "symbol": "fybsgSGD", "duration": 89282, "currency_volume": 0}, {"volume": 0, "latest_trade": 1546937787, "weighted_price": null, "bid": 221679.430000000000, "high": null, "currency": "THB", "low": null, "ask": 218751.140000000000, "close": 129546.940000000000, "avg": null, "symbol": "localbtcTHB", "duration": 89282, "currency_volume": 0}, {"currency": "SGD", "high": null, "latest_trade": 1546930056, "weighted_price": null, "bid": 10946.540000000000, "volume": 0, "ask": 9812.000000000000, "low": null, "duration": 89462, "close": 5345.110000000000, "avg": null, "symbol": "localbtcSGD", "currency_volume": 0}, {"volume": 0, "latest_trade": 1546937763, "weighted_price": null, "bid": 51679.240000000000, "high": null, "currency": "HKD", "low": null, "ask": 53187.780000000000, "close": 31998.580000000000, "avg": null, "symbol": "localbtcHKD", "duration": 89282, "currency_volume": 0}, {"volume": 0, "latest_trade": 1546870874, "weighted_price": null, "bid": 24134.080000000000, "high": null, "currency": "ILS", "low": null, "ask": 27600.000000000000, "close": 14896.600000000000, "avg": null, "symbol": "localbtcILS", "duration": 89282, "currency_volume": 0}, {"volume": 0, "latest_trade": 1546895456, "weighted_price": null, "bid": 167344.780000000000, "high": null, "currency": "CZK", "low": null, "ask": 176742.620000000000, "close": 83176.500000000000, "avg": null, "symbol": "localbtcCZK", "duration": 89282, "currency_volume": 0}, {"currency": "CZK", "high": null, "latest_trade": 1384199283, "weighted_price": null, "bid": null, "volume": 0, "ask": null, "low": null, "duration": 89462, "close": 6700.000000000000, "avg": null, "symbol": "bitcashCZK", "currency_volume": 0}, {"volume": 0, "latest_trade": 1546937187, "weighted_price": null, "bid": 167958.480000000000, "high": null, "currency": "MXN", "low": null, "ask": 167700.000000000000, "close": 82898.000000000000, "avg": null, "symbol": "localbtcMXN", "duration": 89282, "currency_volume": 0}, {"volume": 0, "latest_trade": 1546929380, "weighted_price": null, "bid": 6224.900000000000, "high": null, "currency": "CHF", "low": null, "ask": 6570.800000000000, "close": 3915.520000000000, "avg": null, "symbol": "localbtcCHF", "duration": 89282, "currency_volume": 0}, {"currency": "USD", "high": null, "latest_trade": 1514740794, "weighted_price": null, "bid": 1501.000000000000, "volume": 0, "ask": 10000.000000000000, "low": null, "duration": 89462, "close": 6500.000000000000, "avg": null, "symbol": "vcxUSD", "currency_volume": 0}, {"currency": "SGD", "high": null, "latest_trade": 1393233550, "weighted_price": null, "bid": 166.976300000000, "volume": 0, "ask": 175.645370000000, "low": null, "duration": 89462, "close": 200.000000000000, "avg": null, "symbol": "mtgoxSGD", "currency_volume": 0}, {"currency": "HKD", "high": null, "latest_trade": 1393288352, "weighted_price": null, "bid": 1021.534800000000, "volume": 0, "ask": 1074.570770000000, "low": null, "duration": 89463, "close": 1001.000000000000, "avg": null, "symbol": "mtgoxHKD", "currency_volume": 0}, {"currency": "EUR", "high": null, "latest_trade": 1393293546, "weighted_price": null, "bid": 95.891750000000, "volume": 0, "ask": 98.410000000000, "low": null, "duration": 89463, "close": 95.891750000000, "avg": null, "symbol": "mtgoxEUR", "currency_volume": 0}, {"currency": "SEK", "high": null, "latest_trade": 1393287349, "weighted_price": null, "bid": 857.004000000000, "volume": 0, "ask": 901.498000000000, "low": null, "duration": 89463, "close": 1046.411000000000, "avg": null, "symbol": "mtgoxSEK", "currency_volume": 0}, {"currency": "SEK", "high": null, "latest_trade": 1407605730, "weighted_price": null, "bid": 3200.000000000000, "volume": 0, "ask": 3468.465000000000, "low": null, "duration": 89463, "close": 3468.465000000000, "avg": null, "symbol": "kptnSEK", "currency_volume": 0}, {"volume": 0, "latest_trade": 1546938813, "weighted_price": null, "bid": 181389566.240000000000, "high": null, "currency": "ZAR", "low": null, "ask": 122486.690000000000, "close": 57873.020000000000, "avg": null, "symbol": "localbtcZAR", "duration": 89282, "currency_volume": 0}, {"currency": "BRL", "high": null, "latest_trade": 1546914707, "weighted_price": null, "bid": 36000.000000000000, "volume": 0, "ask": 34543.730000000000, "low": null, "duration": 89463, "close": 15592.100000000000, "avg": null, "symbol": "localbtcBRL", "currency_volume": 0}, {"currency": "CAD", "high": null, "latest_trade": 1384865294, "weighted_price": null, "bid": 150.000000000000, "volume": 0, "ask": null, "low": null, "duration": 89463, "close": 120.000000000000, "avg": null, "symbol": "weexCAD", "currency_volume": 0}, {"currency": "AUD", "high": null, "latest_trade": 1385545984, "weighted_price": null, "bid": 880.000000000000, "volume": 0, "ask": 890.000000000000, "low": null, "duration": 89463, "close": 890.000000000000, "avg": null, "symbol": "weexAUD", "currency_volume": 0}, {"currency": "CAD", "high": null, "latest_trade": 1453935533, "weighted_price": null, "bid": 548.000000000000, "volume": 0, "ask": 550.000000000000, "low": null, "duration": 89463, "close": 550.000000000000, "avg": null, "symbol": "virtexCAD", "currency_volume": 0}, {"currency": "CNY", "high": null, "latest_trade": 1387167315, "weighted_price": null, "bid": 1000.000000000000, "volume": 0, "ask": 5898.000000000000, "low": null, "duration": 89463, "close": 5177.360000000000, "avg": null, "symbol": "rmbtbCNY", "currency_volume": 0}, {"currency": "NOK", "high": null, "latest_trade": 1414597967, "weighted_price": null, "bid": 1100.000000000000, "volume": 0, "ask": 2298.000000000000, "low": null, "duration": 89463, "close": 2058.000000000000, "avg": null, "symbol": "justNOK", "currency_volume": 0}, {"currency": "EUR", "high": null, "latest_trade": 1414597919, "weighted_price": null, "bid": 150.014000000000, "volume": 0, "ask": 285.249000000000, "low": null, "duration": 89463, "close": 150.020000000000, "avg": null, "symbol": "justEUR", "currency_volume": 0}, {"currency": "EUR", "high": null, "latest_trade": 1405436294, "weighted_price": null, "bid": 210.000000070000, "volume": 0, "ask": 297.999999900000, "low": null, "duration": 89463, "close": 481.120000000000, "avg": null, "symbol": "crytrEUR", "currency_volume": 0}, {"currency": "USD", "high": null, "latest_trade": 1524596902, "weighted_price": null, "bid": 11.000000000000, "volume": 0, "ask": 9000.000000000000, "low": null, "duration": 89463, "close": 10000.000000000000, "avg": null, "symbol": "cbxUSD", "currency_volume": 0}, {"currency": "RUB", "high": null, "latest_trade": 1500979671, "weighted_price": null, "bid": 153205.961550000000, "volume": 0, "ask": 154057.545220000000, "low": null, "duration": 89463, "close": 154032.522530000000, "avg": null, "symbol": "btceRUR", "currency_volume": 0}, {"currency": "EUR", "high": null, "latest_trade": 1500979657, "weighted_price": null, "bid": 2222.400000000000, "volume": 0, "ask": 2231.306340000000, "low": null, "duration": 89463, "close": 2226.853170000000, "avg": null, "symbol": "btceEUR", "currency_volume": 0}, {"currency": "EUR", "high": null, "latest_trade": 1409797601, "weighted_price": null, "bid": 412.000000000000, "volume": 0, "ask": 503.000000000000, "low": null, "duration": 89463, "close": 412.000000000000, "avg": null, "symbol": "btc24EUR", "currency_volume": 0}, {"currency": "EUR", "high": null, "latest_trade": 1476443216, "weighted_price": null, "bid": 569.990200000000, "volume": 0, "ask": 595.859900000000, "low": null, "duration": 89463, "close": 573.000000000000, "avg": null, "symbol": "bitcurexEUR", "currency_volume": 0}, {"currency": "USD", "high": null, "latest_trade": 1514947606, "weighted_price": null, "bid": 13500.010000000000, "volume": 0, "ask": 16369.000000000000, "low": null, "duration": 89463, "close": 14890.000000000000, "avg": null, "symbol": "rockUSD", "currency_volume": 0}, {"currency": "USD", "high": 7135.030000000000, "latest_trade": 1585838877, "weighted_price": 6858.607331323744286693197418, "bid": 7111.650000000000, "volume": 1407.658112000000, "ask": 7129.100000000000, "low": 6513.160000000000, "duration": 89463, "close": 7102.820000000000, "avg": 6858.607331323744042758018788, "symbol": "lakeUSD", "currency_volume": 9654574.246960540000}, {"currency": "EUR", "high": 6249.000000000000, "latest_trade": 1585839057, "weighted_price": 5993.354769141155829965759706, "bid": 6244.900000000000, "volume": 9488.886553370000, "ask": 6245.000000000000, "low": 5641.400000000000, "duration": 89463, "close": 6244.600000000000, "avg": 5993.354769141155705776069719, "symbol": "krakenEUR", "currency_volume": 56870263.478479473000}, {"currency": "DKK", "high": null, "latest_trade": 1393268569, "weighted_price": null, "bid": 715.582590000000, "volume": 0, "ask": 752.734150000000, "low": null, "duration": 89463, "close": 1000.000000000000, "avg": null, "symbol": "mtgoxDKK", "currency_volume": 0}, {"currency": "RUB", "high": null, "latest_trade": 1393272147, "weighted_price": null, "bid": 4683.285890000000, "volume": 0, "ask": 4926.432400000000, "low": null, "duration": 89463, "close": 5899.990000000000, "avg": null, "symbol": "mtgoxRUB", "currency_volume": 0}, {"currency": "THB", "high": null, "latest_trade": 1392944199, "weighted_price": null, "bid": 4017.405620000000, "volume": 0, "ask": 4830.521840000000, "low": null, "duration": 89463, "close": 3500.000000000000, "avg": null, "symbol": "mtgoxTHB", "currency_volume": 0}, {"currency": "CHF", "high": null, "latest_trade": 1393289700, "weighted_price": null, "bid": 117.074240000000, "volume": 0, "ask": 123.152490000000, "low": null, "duration": 89463, "close": 100.000000000000, "avg": null, "symbol": "mtgoxCHF", "currency_volume": 0}, {"currency": "GBP", "high": null, "latest_trade": 1366825383, "weighted_price": null, "bid": null, "volume": 0, "ask": null, "low": null, "duration": 89463, "close": 99.707996640000, "avg": null, "symbol": "bcGBP", "currency_volume": 0}, {"currency": "EUR", "high": null, "latest_trade": 1321512379, "weighted_price": null, "bid": null, "volume": 0, "ask": null, "low": null, "duration": 89464, "close": 1.710000000000, "avg": null, "symbol": "aqoinEUR", "currency_volume": 0}, {"currency": "USD", "high": null, "latest_trade": 1307246798, "weighted_price": null, "bid": null, "volume": 0, "ask": null, "low": null, "duration": 89464, "close": 23.500000000000, "avg": null, "symbol": "bcmPPUSD", "currency_volume": 0}, {"currency": "PLN", "high": null, "latest_trade": 1319837979, "weighted_price": null, "bid": null, "volume": 0, "ask": null, "low": null, "duration": 89464, "close": 10.000000000000, "avg": null, "symbol": "bitchangePLN", "currency_volume": 0}, {"currency": "JPY", "high": null, "latest_trade": 1393293289, "weighted_price": null, "bid": 13659.070000000000, "volume": 0, "ask": 14191.435000000000, "low": null, "duration": 89464, "close": 13959.262000000000, "avg": null, "symbol": "mtgoxJPY", "currency_volume": 0}, {"currency": "GBP", "high": null, "latest_trade": 1393293367, "weighted_price": null, "bid": 79.077130000000, "volume": 0, "ask": 83.182650000000, "low": null, "duration": 89464, "close": 81.821770000000, "avg": null, "symbol": "mtgoxGBP", "currency_volume": 0}, {"currency": "GBP", "high": null, "latest_trade": 1393897477, "weighted_price": null, "bid": 271.399800000000, "volume": 0, "ask": 376.178650000000, "low": null, "duration": 89464, "close": 376.178650000000, "avg": null, "symbol": "intrsngGBP", "currency_volume": 0}, {"currency": "CAD", "high": null, "latest_trade": 1546936088, "weighted_price": null, "bid": 13300.000000000000, "volume": 0, "ask": 9741.950000000000, "low": null, "duration": 89464, "close": 6355.440000000000, "avg": null, "symbol": "localbtcCAD", "currency_volume": 0}, {"currency": "NZD", "high": null, "latest_trade": 1546933289, "weighted_price": null, "bid": 15723.530000000000, "volume": 0, "ask": 11927.430000000000, "low": null, "duration": 89464, "close": 8252.390000000000, "avg": null, "symbol": "localbtcNZD", "currency_volume": 0}, {"volume": 0, "latest_trade": 1546938506, "weighted_price": null, "bid": 12508.740000000000, "high": null, "currency": "AUD", "low": null, "ask": 10423.950000000000, "close": 5878.320000000000, "avg": null, "symbol": "localbtcAUD", "duration": 89282, "currency_volume": 0}, {"currency": "EUR", "high": null, "latest_trade": 1514740704, "weighted_price": null, "bid": 726.000000010000, "volume": 0, "ask": 6400.000000000000, "low": null, "duration": 89464, "close": 6400.000000000000, "avg": null, "symbol": "vcxEUR", "currency_volume": 0}, {"currency": "USD", "high": null, "latest_trade": 1350761253, "weighted_price": null, "bid": null, "volume": 0, "ask": null, "low": null, "duration": 89464, "close": 11.900000000000, "avg": null, "symbol": "intrsngUSD", "currency_volume": 0}, {"currency": "USD", "high": null, "latest_trade": 1562521827, "weighted_price": null, "bid": 11239.480000000000, "volume": 0, "ask": 11338.000000000000, "low": null, "duration": 89464, "close": 11258.450000000000, "avg": null, "symbol": "p2pb2bUSD", "currency_volume": 0}, {"volume": 0, "latest_trade": 1546938857, "weighted_price": null, "bid": 8542.230000000000, "high": null, "currency": "EUR", "low": null, "ask": 6103.780000000000, "close": 3689.840000000000, "avg": null, "symbol": "localbtcEUR", "duration": 89282, "currency_volume": 0}, {"currency": "LTC", "high": null, "latest_trade": 1385602819, "weighted_price": null, "bid": null, "volume": 0, "ask": 27.000000000000, "low": null, "duration": 89464, "close": 67.756456000000, "avg": null, "symbol": "bitmeLTC", "currency_volume": 0}, {"currency": "EUR", "high": null, "latest_trade": 1559330625, "weighted_price": null, "bid": 7450.871600000000, "volume": 0, "ask": 7625.695300000000, "low": null, "duration": 89464, "close": 7450.848700000000, "avg": null, "symbol": "bitmarketEUR", "currency_volume": 0}, {"volume": 0, "latest_trade": 1585300203, "weighted_price": null, "bid": 28410.000000000000, "high": null, "currency": "PLN", "low": null, "ask": 45000.000000000000, "close": 28412.510000000000, "avg": null, "symbol": "nevbitPLN", "duration": 89282, "currency_volume": 0}, {"currency": "EUR", "high": null, "latest_trade": 1566979086, "weighted_price": null, "bid": 9173.000000000000, "volume": 0, "ask": 9219.890000000000, "low": null, "duration": 89464, "close": 9282.490000000000, "avg": null, "symbol": "btcdeEUR", "currency_volume": 0}, {"currency": "AUD", "high": null, "latest_trade": 1393314724, "weighted_price": null, "bid": null, "volume": 0, "ask": 26.000000000000, "low": null, "duration": 89464, "close": 26.000000000000, "avg": null, "symbol": "wbxAUD", "currency_volume": 0}, {"currency": "EUR", "high": null, "latest_trade": 1415054500, "weighted_price": null, "bid": null, "volume": 0, "ask": 265.000000000000, "low": null, "duration": 89464, "close": 258.000000000000, "avg": null, "symbol": "rippleEUR", "currency_volume": 0}, {"currency": "USD", "high": null, "latest_trade": 1370728226, "weighted_price": null, "bid": null, "volume": 0, "ask": null, "low": null, "duration": 89464, "close": 119.000000000000, "avg": null, "symbol": "lybitUSD", "currency_volume": 0}, {"currency": "LTC", "high": null, "latest_trade": 1468938689, "weighted_price": null, "bid": 161.344270000000, "volume": 0, "ask": 162.066590000000, "low": null, "duration": 89464, "close": 160.565000000000, "avg": null, "symbol": "krakenLTC", "currency_volume": 0}, {"currency": "LTC", "high": null, "latest_trade": 1414598245, "weighted_price": null, "bid": 83.850000000000, "volume": 0, "ask": 200.000000000000, "low": null, "duration": 89464, "close": 95.086000000000, "avg": null, "symbol": "justLTC", "currency_volume": 0}, {"currency": "USD", "high": null, "latest_trade": 1500979697, "weighted_price": null, "bid": 2546.000000000000, "volume": 0, "ask": 2546.780000000000, "low": null, "duration": 89464, "close": 2546.000000000000, "avg": null, "symbol": "btceUSD", "currency_volume": 0}, {"currency": "NZD", "high": null, "latest_trade": 1492164813, "weighted_price": null, "bid": 1200.000000000000, "volume": 0, "ask": 2000.000000000000, "low": null, "duration": 89464, "close": 2000.000000000000, "avg": null, "symbol": "bitnzNZD", "currency_volume": 0}, {"currency": "PLN", "high": null, "latest_trade": 1470649881, "weighted_price": null, "bid": 1227.500000000000, "volume": 0, "ask": 1240.000000000000, "low": null, "duration": 89464, "close": 2289.000000000000, "avg": null, "symbol": "bitcurexPLN", "currency_volume": 0}, {"currency": "USD", "high": null, "latest_trade": 1407227068, "weighted_price": null, "bid": 9100.000000000000, "volume": 0, "ask": null, "low": null, "duration": 89464, "close": 600.000000000000, "avg": null, "symbol": "bitaloUSD", "currency_volume": 0}, {"currency": "PLN", "high": null, "latest_trade": 1395435311, "weighted_price": null, "bid": null, "volume": 0, "ask": 1700.000000000000, "low": null, "duration": 89464, "close": 1950.000000000000, "avg": null, "symbol": "bitaloPLN", "currency_volume": 0}, {"currency": "GBP", "high": null, "latest_trade": 1405407199, "weighted_price": null, "bid": 1896343.188000000000, "volume": 0, "ask": null, "low": null, "duration": 89464, "close": 340.000000000000, "avg": null, "symbol": "bitaloGBP", "currency_volume": 0}, {"currency": "EUR", "high": null, "latest_trade": 1422549028, "weighted_price": null, "bid": 6900.000000000000, "volume": 0, "ask": 306.000000000000, "low": null, "duration": 89464, "close": 200.000000000000, "avg": null, "symbol": "bitaloEUR", "currency_volume": 0}, {"currency": "AUD", "high": null, "latest_trade": 1349296271, "weighted_price": null, "bid": null, "volume": 0, "ask": null, "low": null, "duration": 89464, "close": 14.000000000000, "avg": null, "symbol": "bitmarketAUD", "currency_volume": 0}, {"currency": "RUB", "high": null, "latest_trade": 1319445325, "weighted_price": null, "bid": null, "volume": 0, "ask": null, "low": null, "duration": 89464, "close": 300.000000000000, "avg": null, "symbol": "bitmarketRUB", "currency_volume": 0}, {"currency": "USD", "high": null, "latest_trade": 1356047578, "weighted_price": null, "bid": null, "volume": 0, "ask": null, "low": null, "duration": 89464, "close": 14.000000000000, "avg": null, "symbol": "bitmarketUSD", "currency_volume": 0}, {"currency": "USD", "high": 6949.980000000000, "latest_trade": 1585837548, "weighted_price": 6717.927826317902550906452443, "bid": 6675.900000000000, "volume": 0.265222960000, "ask": 6949.990000000000, "low": 6302.010000000000, "duration": 89464, "close": 6675.900000000000, "avg": 6717.927826317902492303079643, "symbol": "bitkonanUSD", "currency_volume": 1781.748703162400}, {"currency": "EUR", "high": null, "latest_trade": 1393856453, "weighted_price": null, "bid": 316.541850000000, "volume": 0, "ask": 419.000000000000, "low": null, "duration": 89464, "close": 308.010920000000, "avg": null, "symbol": "intrsngEUR", "currency_volume": 0}, {"currency": "INR", "high": null, "latest_trade": 1546937979, "weighted_price": null, "bid": 734550.000000000000, "volume": 0, "ask": 399426.000000000000, "low": null, "duration": 89464, "close": 294498.760000000000, "avg": null, "symbol": "localbtcINR", "currency_volume": 0}, {"currency": "PLN", "high": null, "latest_trade": 1393292930, "weighted_price": null, "bid": 484.867030000000, "volume": 0, "ask": 517.153220000000, "low": null, "duration": 89464, "close": 403.058370000000, "avg": null, "symbol": "mtgoxPLN", "currency_volume": 0}, {"currency": "CAD", "high": null, "latest_trade": 1393290633, "weighted_price": null, "bid": 146.167790000000, "volume": 0, "ask": 153.756520000000, "low": null, "duration": 89464, "close": 120.010000000000, "avg": null, "symbol": "mtgoxCAD", "currency_volume": 0}, {"currency": "EUR", "high": null, "latest_trade": 1510057118, "weighted_price": null, "bid": 2501.310000000000, "volume": 0, "ask": 4499.990000000000, "low": null, "duration": 89464, "close": 4499.990000000000, "avg": null, "symbol": "hitbtcEUR", "currency_volume": 0}, {"currency": "USD", "high": null, "latest_trade": 1510932147, "weighted_price": null, "bid": 7906.620000000000, "volume": 0, "ask": 7910.000000000000, "low": null, "duration": 89464, "close": 7915.480000000000, "avg": null, "symbol": "hitbtcUSD", "currency_volume": 0}, {"currency": "CNY", "high": null, "latest_trade": 1506743999, "weighted_price": null, "bid": 28158.000000000000, "volume": 0, "ask": 28399.990000000000, "low": null, "duration": 89464, "close": 28158.000000000000, "avg": null, "symbol": "btcnCNY", "currency_volume": 0}, {"currency": "GBP", "high": null, "latest_trade": 1395873427, "weighted_price": null, "bid": null, "volume": 0, "ask": 300.000000000000, "low": null, "duration": 89464, "close": 300.000000000000, "avg": null, "symbol": "bit121GBP", "currency_volume": 0}, {"currency": "EUR", "high": null, "latest_trade": 1411047892, "weighted_price": null, "bid": 357.700000000000, "volume": 0, "ask": 403.820000000000, "low": null, "duration": 89464, "close": 255.000000000000, "avg": null, "symbol": "btceurEUR", "currency_volume": 0}, {"currency": "PLN", "high": null, "latest_trade": 1559331853, "weighted_price": null, "bid": 32500.200000000000, "volume": 0, "ask": 32604.000000000000, "low": null, "duration": 89464, "close": 32604.000000000000, "avg": null, "symbol": "bitmarketPLN", "currency_volume": 0}, {"currency": "USD", "high": null, "latest_trade": 1546898819, "weighted_price": null, "bid": 4011.000000000000, "volume": 0, "ask": 4012.400000000000, "low": null, "duration": 89464, "close": 4005.990000000000, "avg": null, "symbol": "coinbaseUSD", "currency_volume": 0}, {"currency": "PLN", "high": null, "latest_trade": 1542657200, "weighted_price": null, "bid": null, "volume": 0, "ask": null, "low": null, "duration": 89465, "close": 20000.000000000000, "avg": null, "symbol": "coinfloorPLN", "currency_volume": 0}, {"currency": "CAD", "high": 9668.600000000000, "latest_trade": 1585838574, "weighted_price": 9307.844516404975925872413985, "bid": 9616.900000000000, "volume": 72.402240360000, "ask": 9659.400000000000, "low": 8843.300000000000, "duration": 89465, "close": 9668.600000000000, "avg": 9307.844516404975510346210508, "symbol": "krakenCAD", "currency_volume": 673908.795910261000}, {"currency": "GBP", "high": null, "latest_trade": 1546898722, "weighted_price": null, "bid": 3155.080000000000, "volume": 0, "ask": 3157.300000000000, "low": null, "duration": 89465, "close": 3157.300000000000, "avg": null, "symbol": "coinbaseGBP", "currency_volume": 0}, {"currency": "EUR", "high": null, "latest_trade": 1546898788, "weighted_price": null, "bid": 3504.120000000000, "volume": 0, "ask": 3504.130000000000, "low": null, "duration": 89465, "close": 3501.150000000000, "avg": null, "symbol": "coinbaseEUR", "currency_volume": 0}, {"currency": "USD", "high": null, "latest_trade": 1566461812, "weighted_price": null, "bid": 148674.745000000000, "volume": 0, "ask": 0.002000000000, "low": null, "duration": 89465, "close": 9800.000000000000, "avg": null, "symbol": "btcalphaUSD", "currency_volume": 0}, {"currency": "PLN", "high": null, "latest_trade": 1509885322, "weighted_price": null, "bid": 37217.300000000000, "volume": 0, "ask": null, "low": null, "duration": 89465, "close": 26021.260000000000, "avg": null, "symbol": "fluctoPLN", "currency_volume": 0}, {"currency": "EUR", "high": 6400.000000000000, "latest_trade": 1585839040, "weighted_price": 5972.774792145994689730794252, "bid": 6300.200000000000, "volume": 73.323100000000, "ask": 6316.090000000000, "low": 5775.000000000000, "duration": 89465, "close": 6300.010000000000, "avg": 5972.774792145994918381792368, "symbol": "rockEUR", "currency_volume": 437942.363362000000}, {"currency": "SLL", "high": null, "latest_trade": 1379943055, "weighted_price": null, "bid": null, "volume": 0, "ask": null, "low": null, "duration": 89465, "close": 18050.000000000000, "avg": null, "symbol": "rockSLL", "currency_volume": 0}, {"currency": "USD", "high": null, "latest_trade": 1528679208, "weighted_price": null, "bid": 6651.130000000000, "volume": 0, "ask": 6899.760000000000, "low": null, "duration": 89465, "close": 6700.000000000000, "avg": null, "symbol": "btccUSD", "currency_volume": 0}, {"currency": "JPY", "high": 734000.000000000000, "latest_trade": 1585839062, "weighted_price": 540397.121014786446801118275056, "bid": 730399.000000000000, "volume": 6467.894735980000, "ask": 730790.000000000000, "low": 208.000000000000, "duration": 89465, "close": 730790.000000000000, "avg": 540397.1210147864413884140443, "symbol": "coincheckJPY", "currency_volume": 3495231694.350284260000}, {"currency": "CZK", "high": null, "latest_trade": 1555501267, "weighted_price": null, "bid": 115901.000000000000, "volume": 0, "ask": 124146.000000000000, "low": null, "duration": 89465, "close": 121796.000000000000, "avg": null, "symbol": "bitstockCZK", "currency_volume": 0}, {"currency": "VND", "high": null, "latest_trade": 1546934587, "weighted_price": null, "bid": 157435336.330000000000, "volume": 0, "ask": 164220925.810000000000, "low": null, "duration": 89465, "close": 95723092.240000000000, "avg": null, "symbol": "localbtcVND", "currency_volume": 0}, {"currency": "IDR", "high": 111300000.000000000000, "latest_trade": 1585839063, "weighted_price": 108427180.221007946019613986358445, "bid": 111299000.000000000000, "volume": 9.736573000000, "ask": 111300000.000000000000, "low": 103051000.000000000000, "duration": 89465, "close": 111300000.000000000000, "avg": 108427180.2210079460196108015, "symbol": "bitxIDR", "currency_volume": 1055709155.406000000000}, {"currency": "MYR", "high": 29500.000000000000, "latest_trade": 1585839042, "weighted_price": 28987.581639976606681740433297, "bid": 29485.000000000000, "volume": 28.627262000000, "ask": 29496.000000000000, "low": 27703.000000000000, "duration": 89465, "close": 29500.000000000000, "avg": 28987.58163997660691406673820, "symbol": "bitxMYR", "currency_volume": 829835.094354000000}, {"currency": "NGN", "high": 2680000.000000000000, "latest_trade": 1585839052, "weighted_price": 2611602.239115729630068991831564, "bid": 2679999.000000000000, "volume": 126.132961000000, "ask": 2680000.000000000000, "low": 2510009.000000000000, "duration": 89465, "close": 2679999.000000000000, "avg": 2611602.239115729630734665779, "symbol": "bitxNGN", "currency_volume": 329409123.373897000000}, {"currency": "ZAR", "high": 126639.000000000000, "latest_trade": 1585839006, "weighted_price": 122069.074770131342512213754848, "bid": 126501.000000000000, "volume": 509.737061000000, "ask": 126507.000000000000, "low": 116193.000000000000, "duration": 89465, "close": 126502.000000000000, "avg": 122069.0747701313403225354258, "symbol": "bitxZAR", "currency_volume": 62223131.412316000000}, {"currency": "JPY", "high": 734574.000000000000, "latest_trade": 1585838616, "weighted_price": 719915.261368639349745800303908, "bid": 730570.000000000000, "volume": 0.308724720000, "ask": 735377.000000000000, "low": 700898.000000000000, "duration": 89465, "close": 734574.000000000000, "avg": 719915.2613686393496445636099, "symbol": "krakenJPY", "currency_volume": 222255.637489760000}, {"currency": "USD", "high": 6800.000000000000, "latest_trade": 1585839057, "weighted_price": 6538.369274989552689532541400, "bid": 6768.300000000000, "volume": 370.777954440000, "ask": 6777.500000000000, "low": 6160.100000000000, "duration": 89465, "close": 6798.700000000000, "avg": 6538.369274989552153914191598, "symbol": "cexUSD", "currency_volume": 2424283.185153972000}, {"currency": "XRP", "high": null, "latest_trade": 1468926988, "weighted_price": null, "bid": 103600.640000000000, "volume": 0, "ask": 104931.794000000000, "low": null, "duration": 89465, "close": 103842.161000000000, "avg": null, "symbol": "krakenXRP", "currency_volume": 0}, {"currency": "NMC", "high": null, "latest_trade": 1463947644, "weighted_price": null, "bid": 1186.112980000000, "volume": 0, "ask": 1271.460000000000, "low": null, "duration": 89465, "close": 1271.461480000000, "avg": null, "symbol": "krakenNMC", "currency_volume": 0}, {"currency": "KRW", "high": null, "latest_trade": 1409378987, "weighted_price": null, "bid": 495000.000000000000, "volume": 0, "ask": 545000.000000000000, "low": null, "duration": 89465, "close": 525142.000000000000, "avg": null, "symbol": "krakenKRW", "currency_volume": 0}, {"currency": "USD", "high": null, "latest_trade": 1414595722, "weighted_price": null, "bid": 290.000000000000, "volume": 0, "ask": 450.000000000000, "low": null, "duration": 89465, "close": 303.132000000000, "avg": null, "symbol": "justUSD", "currency_volume": 0}, {"currency": "USD", "high": null, "latest_trade": 1405487688, "weighted_price": null, "bid": 242.999000090000, "volume": 0, "ask": 264.999999990000, "low": null, "duration": 89465, "close": 625.000000000000, "avg": null, "symbol": "crytrUSD", "currency_volume": 0}, {"currency": "USD", "high": null, "latest_trade": 1454222174, "weighted_price": null, "bid": 411.400000000000, "volume": 0, "ask": 473.990000000000, "low": null, "duration": 89465, "close": 391.980000000000, "avg": null, "symbol": "cotrUSD", "currency_volume": 0}, {"currency": "CAD", "high": null, "latest_trade": 1469810746, "weighted_price": null, "bid": 855.000000000000, "volume": 0, "ask": 861.740000000000, "low": null, "duration": 89465, "close": 861.740000000000, "avg": null, "symbol": "coinbaseCAD", "currency_volume": 0}, {"currency": "USD", "high": null, "latest_trade": 1482410598, "weighted_price": null, "bid": 614.440000000000, "volume": 0, "ask": 614.450000000000, "low": null, "duration": 89465, "close": 853.480000000000, "avg": null, "symbol": "bitfinexUSD", "currency_volume": 0}, {"currency": "USD", "high": null, "latest_trade": 1476475357, "weighted_price": null, "bid": 615.030000000000, "volume": 0, "ask": 642.835500000000, "low": null, "duration": 89465, "close": 629.154700000000, "avg": null, "symbol": "bitcurexUSD", "currency_volume": 0}, {"currency": "USD", "high": null, "latest_trade": 1481745299, "weighted_price": null, "bid": 778.590000000000, "volume": 0, "ask": 782.000000000000, "low": null, "duration": 89465, "close": 782.324888000000, "avg": null, "symbol": "exmoUSD", "currency_volume": 0}, {"currency": "RUB", "high": null, "latest_trade": 1481745078, "weighted_price": null, "bid": 47468.001010100000, "volume": 0, "ask": 47619.998989900000, "low": null, "duration": 89465, "close": 47435.001010100000, "avg": null, "symbol": "exmoRUB", "currency_volume": 0}, {"currency": "EUR", "high": null, "latest_trade": 1481745079, "weighted_price": null, "bid": 736.186000000000, "volume": 0, "ask": 739.979000000000, "low": null, "duration": 89465, "close": 737.571000000000, "avg": null, "symbol": "exmoEUR", "currency_volume": 0}, {"currency": "EUR", "high": 6250.500000000000, "latest_trade": 1585839045, "weighted_price": 5958.873759675408703066248043, "bid": 6223.500000000000, "volume": 86.829070660000, "ask": 6243.700000000000, "low": 5663.700000000000, "duration": 89465, "close": 6233.500000000000, "avg": 5958.873759675409613557183730, "symbol": "cexEUR", "currency_volume": 517403.470732876000}, {"currency": "RUB", "high": 538653.000000000000, "latest_trade": 1585839039, "weighted_price": 524352.147174139503550933321080, "bid": 534186.000000000000, "volume": 3.628840140000, "ask": 536186.000000000000, "low": 495419.000000000000, "duration": 89465, "close": 533844.000000000000, "avg": 524352.1471741395034282221096, "symbol": "cexRUB", "currency_volume": 1902790.119160705000}, {"currency": "USD", "high": 6789.700000000000, "latest_trade": 1585839050, "weighted_price": 6459.184849992639847419974880, "bid": 6700.310000000000, "volume": 1557.023600000000, "ask": 6854.850000000000, "low": 6161.600000000000, "duration": 89465, "close": 6780.310000000000, "avg": 6459.184849992639803275942638, "symbol": "coinsbankUSD", "currency_volume": 10057103.248201000000}, {"currency": "EUR", "high": 6237.310000000000, "latest_trade": 1585839049, "weighted_price": 5979.659958764764546438704672, "bid": 6171.070000000000, "volume": 2263.307100000000, "ask": 6301.390000000000, "low": 5652.300000000000, "duration": 89465, "close": 6231.340000000000, "avg": 5979.659958764765064360907983, "symbol": "coinsbankEUR", "currency_volume": 13533806.840258000000}, {"currency": "GBP", "high": 5454.010000000000, "latest_trade": 1585839057, "weighted_price": 5252.173264945958040195235277, "bid": 5342.620000000000, "volume": 3982.128700000000, "ask": 5554.800000000000, "low": 4962.370000000000, "duration": 89465, "close": 5443.660000000000, "avg": 5252.173264945957171097960746, "symbol": "coinsbankGBP", "currency_volume": 20914829.895714000000}, {"currency": "USD", "high": null, "latest_trade": 1512815336, "weighted_price": null, "bid": 16500.000000000000, "volume": 0, "ask": 17350.000000000000, "low": null, "duration": 89465, "close": 16500.000000000000, "avg": null, "symbol": "allcoinUSD", "currency_volume": 0}, {"currency": "BRL", "high": null, "latest_trade": 1422861736, "weighted_price": null, "bid": 654.500400000000, "volume": 0, "ask": 659.990000000000, "low": null, "duration": 89465, "close": 654.500000000000, "avg": null, "symbol": "btc2uBRL", "currency_volume": 0}, {"currency": "EUR", "high": 6200.000000000000, "latest_trade": 1585838574, "weighted_price": 6014.106922316075601486655515, "bid": 6200.310000000000, "volume": 15.522575180000, "ask": 6250.000000000000, "low": 5620.250000000000, "duration": 89466, "close": 6200.000000000000, "avg": 6014.106922316075392330617142, "symbol": "bcEUR", "currency_volume": 93354.426842209700}, {"currency": "JPY", "high": 735000.000000000000, "latest_trade": 1585839063, "weighted_price": 706649.498512383544209222263166, "bid": 729910.000000000000, "volume": 8582.587985130000, "ask": 730500.000000000000, "low": 662000.000000000000, "duration": 89466, "close": 731179.000000000000, "avg": 706649.4985123835436210084060, "symbol": "bitflyerJPY", "currency_volume": 6064881495.630522810000}, {"currency": "CLP", "high": null, "latest_trade": 1577563501, "weighted_price": null, "bid": 5674060.000000000000, "volume": 0, "ask": 5821560.000000000000, "low": null, "duration": 89466, "close": 5674070.000000000000, "avg": null, "symbol": "chilebitCLP", "currency_volume": 0}, {"currency": "PKR", "high": null, "latest_trade": 1566983336, "weighted_price": null, "bid": null, "volume": 0, "ask": 446.000000000000, "low": null, "duration": 89466, "close": 1792495.000000000000, "avg": null, "symbol": "urdubitPKR", "currency_volume": 0}, {"currency": "VEF", "high": null, "latest_trade": 1574092876, "weighted_price": null, "bid": 303011.000000000000, "volume": 0, "ask": 299999999.000000000000, "low": null, "duration": 89466, "close": 303009.000000000000, "avg": null, "symbol": "surbtcVEF", "currency_volume": 0}, {"currency": "VND", "high": null, "latest_trade": 1577513271, "weighted_price": null, "bid": 167782300.000000000000, "volume": 0, "ask": 169000000.000000000000, "low": null, "duration": 89466, "close": 168000000.000000000000, "avg": null, "symbol": "vbtcVND", "currency_volume": 0}, {"currency": "BRL", "high": null, "latest_trade": 1530327959, "weighted_price": null, "bid": 24666.030000000000, "volume": 0, "ask": 25199.990000000000, "low": null, "duration": 89466, "close": 24664.040000000000, "avg": null, "symbol": "foxbitBRL", "currency_volume": 0}, {"currency": "JPY", "high": 733198.000000000000, "latest_trade": 1585838999, "weighted_price": 709040.644719029060105436859644, "bid": 730003.000000000000, "volume": 308.393100000000, "ask": 732675.000000000000, "low": 662642.000000000000, "duration": 89466, "close": 731524.000000000000, "avg": 709040.6447190290573946044837, "symbol": "btcboxJPY", "currency_volume": 218663242.450900000000}, {"currency": "JPY", "high": 732440.000000000000, "latest_trade": 1585839059, "weighted_price": 705162.051046246379001978129077, "bid": 728525.000000000000, "volume": 1513.854700000000, "ask": 729385.000000000000, "low": 662000.000000000000, "duration": 89466, "close": 730110.000000000000, "avg": 705162.0510462463801843069880, "symbol": "zaifJPY", "currency_volume": 1067512885.238000000000}, {"currency": "USD", "high": null, "latest_trade": 1569397345, "weighted_price": null, "bid": 6693.230000000000, "volume": 0, "ask": 6693.240000000000, "low": null, "duration": 89466, "close": 8334.490000000000, "avg": null, "symbol": "okcoinUSD", "currency_volume": 0}, {"volume": 0, "latest_trade": 1584606256, "weighted_price": null, "bid": 19802.000000000000, "high": null, "currency": "PLN", "low": null, "ask": 31990.000000000000, "close": 20500.000000000000, "avg": null, "symbol": "bitmaszynaPLN", "duration": 89283, "currency_volume": 0}, {"currency": "USD", "high": null, "latest_trade": 1509090671, "weighted_price": null, "bid": 20000.000000000000, "volume": 0, "ask": null, "low": null, "duration": 89466, "close": 7500.000000000000, "avg": null, "symbol": "indacoinUSD", "currency_volume": 0}, {"currency": "GBP", "high": null, "latest_trade": 1503381731, "weighted_price": null, "bid": 2990.000000000000, "volume": 0, "ask": 3239.999000000000, "low": null, "duration": 89466, "close": 3018.000000000000, "avg": null, "symbol": "krakenGBP", "currency_volume": 0}, {"currency": "VEF", "high": null, "latest_trade": 1542831530, "weighted_price": null, "bid": 65587647346.870000000000, "volume": 0, "ask": null, "low": null, "duration": 89466, "close": 36287149649.840000000000, "avg": null, "symbol": "localbtcVEF", "currency_volume": 0}, {"currency": "EUR", "high": 6243.630000000000, "latest_trade": 1585838968, "weighted_price": 6004.584044813337695543009297, "bid": 6235.380000000000, "volume": 3.949384500000, "ask": 6268.000000000000, "low": 5650.000000000000, "duration": 89466, "close": 6235.390000000000, "avg": 6004.584044813337369405283279, "symbol": "coinfalconEUR", "currency_volume": 23714.411155533100}, {"currency": "JPY", "high": null, "latest_trade": 1581029237, "weighted_price": null, "bid": 1000025.000000000000, "volume": 0, "ask": 1079990.000000000000, "low": null, "duration": 89466, "close": 1000025.000000000000, "avg": null, "symbol": "fiscoJPY", "currency_volume": 0}, {"currency": "VND", "high": null, "latest_trade": 1510499770, "weighted_price": null, "bid": 225974368.620000000000, "volume": 0, "ask": 229068000.000000000000, "low": null, "duration": 89466, "close": 153045823.046000000000, "avg": null, "symbol": "remitanoVND", "currency_volume": 0}, {"currency": "USD", "high": null, "latest_trade": 1527603975, "weighted_price": null, "bid": 0.610000000000, "volume": 0, "ask": 8210.510000000000, "low": null, "duration": 89466, "close": 8210.510000000000, "avg": null, "symbol": "abucoinsUSD", "currency_volume": 0}, {"currency": "PLN", "high": null, "latest_trade": 1527686662, "weighted_price": null, "bid": 29246.930000000000, "volume": 0, "ask": 29450.000000000000, "low": null, "duration": 89466, "close": 29450.000000000000, "avg": null, "symbol": "abucoinsPLN", "currency_volume": 0}, {"currency": "EUR", "high": null, "latest_trade": 1527661442, "weighted_price": null, "bid": 0.970000000000, "volume": 0, "ask": 7625.060000000000, "low": null, "duration": 89466, "close": 5546.150000000000, "avg": null, "symbol": "abucoinsEUR", "currency_volume": 0}, {"currency": "AUD", "high": null, "latest_trade": 1444487795, "weighted_price": null, "bid": 512.203170000000, "volume": 0, "ask": 541.929420000000, "low": null, "duration": 89466, "close": 333.847540000000, "avg": null, "symbol": "anxhkAUD", "currency_volume": 0}, {"currency": "CHF", "high": null, "latest_trade": 1424070997, "weighted_price": null, "bid": 175.218250000000, "volume": 0, "ask": 223.000000000000, "low": null, "duration": 89466, "close": 217.241100000000, "avg": null, "symbol": "anxhkCHF", "currency_volume": 0}, {"currency": "CNY", "high": null, "latest_trade": 1444487795, "weighted_price": null, "bid": 2430.000000000000, "volume": 0, "ask": 2578.246220000000, "low": null, "duration": 89466, "close": 1553.739890000000, "avg": null, "symbol": "anxhkCNY", "currency_volume": 0}, {"currency": "NZD", "high": null, "latest_trade": 1444724437, "weighted_price": null, "bid": 555.722530000000, "volume": 0, "ask": 588.514160000000, "low": null, "duration": 89466, "close": 371.286300000000, "avg": null, "symbol": "anxhkNZD", "currency_volume": 0}, {"currency": "USD", "high": null, "latest_trade": 1385463228, "weighted_price": null, "bid": 395.000000000000, "volume": 0, "ask": null, "low": null, "duration": 89466, "close": 395.000000000000, "avg": null, "symbol": "weexUSD", "currency_volume": 0}, {"currency": "CNY", "high": null, "latest_trade": 1506787196, "weighted_price": null, "bid": 27028.190000000000, "volume": 0, "ask": 28000.000000000000, "low": null, "duration": 89466, "close": 27197.000000000000, "avg": null, "symbol": "chbtcCNY", "currency_volume": 0}, {"currency": "MXN", "high": null, "latest_trade": 1397162388, "weighted_price": null, "bid": 187000.990000000000, "volume": 0, "ask": 188000.000000000000, "low": null, "duration": 89466, "close": 5200.000000000000, "avg": null, "symbol": "bitsoMXN", "currency_volume": 0}, {"currency": "CNY", "high": null, "latest_trade": 1506765589, "weighted_price": null, "bid": 22020.100000000000, "volume": 0, "ask": 22199.000000000000, "low": null, "duration": 89466, "close": 24821.000000000000, "avg": null, "symbol": "btctradeCNY", "currency_volume": 0}, {"currency": "CNY", "high": null, "latest_trade": 1506765582, "weighted_price": null, "bid": 27150.000000000000, "volume": 0, "ask": 27599.000000000000, "low": null, "duration": 89466, "close": 27599.000000000000, "avg": null, "symbol": "jubiCNY", "currency_volume": 0}, {"currency": "USD", "high": null, "latest_trade": 1551081372, "weighted_price": null, "bid": 3841.550000000000, "volume": 0, "ask": 3876.580000000000, "low": null, "duration": 89466, "close": 3793.810000000000, "avg": null, "symbol": "getbtcUSD", "currency_volume": 0}, {"currency": "EUR", "high": null, "latest_trade": 1543769008, "weighted_price": null, "bid": 7011.807010000000, "volume": 0, "ask": 7500.000000000000, "low": null, "duration": 89466, "close": 7500.000000000000, "avg": null, "symbol": "wexEUR", "currency_volume": 0}, {"currency": "RUB", "high": null, "latest_trade": 1544015523, "weighted_price": null, "bid": 477333.718720000000, "volume": 0, "ask": 515451.291580000000, "low": null, "duration": 89466, "close": 515642.842670000000, "avg": null, "symbol": "wexRUB", "currency_volume": 0}, {"currency": "USD", "high": null, "latest_trade": 1544022689, "weighted_price": null, "bid": 7900.011000000000, "volume": 0, "ask": 8179.999000000000, "low": null, "duration": 89466, "close": 7900.010000000000, "avg": null, "symbol": "wexUSD", "currency_volume": 0}, {"currency": "CAD", "high": null, "latest_trade": 1370836515, "weighted_price": null, "bid": null, "volume": 0, "ask": null, "low": null, "duration": 89466, "close": 104.970000000000, "avg": null, "symbol": "lybitCAD", "currency_volume": 0}, {"currency": "XRP", "high": null, "latest_trade": 1414593608, "weighted_price": null, "bid": 25000.000000000000, "volume": 0, "ask": 74998.000000000000, "low": null, "duration": 89466, "close": 64001.000000000000, "avg": null, "symbol": "justXRP", "currency_volume": 0}, {"currency": "GBP", "high": null, "latest_trade": 1314988355, "weighted_price": null, "bid": null, "volume": 0, "ask": null, "low": null, "duration": 89466, "close": 5.500000000000, "avg": null, "symbol": "bitmarketGBP", "currency_volume": 0}, {"currency": "EUR", "high": 6255.000000000000, "latest_trade": 1585839056, "weighted_price": 6001.112383043116350243459037, "bid": 6240.780000000000, "volume": 3652.270082210000, "ask": 6249.590000000000, "low": 5649.420000000000, "duration": 89466, "close": 6241.070000000000, "avg": 6001.112383043117318825093769, "symbol": "bitstampEUR", "currency_volume": 21917683.216568335100}, {"currency": "USD", "high": 6794.200000000000, "latest_trade": 1585839047, "weighted_price": 6529.349815600262349197949076, "bid": 6669.700000000000, "volume": 388.251721520000, "ask": 6683.400000000000, "low": 6176.000000000000, "duration": 89466, "close": 6770.980000000000, "avg": 6529.349815600263098094195412, "symbol": "bitflyerUSD", "currency_volume": 2535031.306313096700}, {"currency": "BRL", "high": null, "latest_trade": 1585592857, "weighted_price": null, "bid": 33000.000000000000, "volume": 0, "ask": 34500.000000000000, "low": null, "duration": 89466, "close": 33500.000000000000, "avg": null, "symbol": "omnitradeBRL", "currency_volume": 0}, {"currency": "EUR", "high": null, "latest_trade": 1557926376, "weighted_price": null, "bid": 5678.100000000000, "volume": 0, "ask": 8200.000000000000, "low": null, "duration": 89466, "close": 6800.000000000000, "avg": null, "symbol": "cryptonitEUR", "currency_volume": 0}, {"currency": "VES", "high": null, "latest_trade": 1546938807, "weighted_price": null, "bid": 1134884278.500000000000, "volume": 0, "ask": 502665639.340000000000, "low": null, "duration": 89466, "close": 5175519.790000000000, "avg": null, "symbol": "localbtcVES", "currency_volume": 0}, {"currency": "USD", "high": null, "latest_trade": 1577833998, "weighted_price": null, "bid": 7629.900400000000, "volume": 0, "ask": 7604.616550000000, "low": null, "duration": 89466, "close": 7199.930000000000, "avg": null, "symbol": "coinsbitioUSD", "currency_volume": 0}]